WORLD PORT RANKINGS - 2015,,,,,,,,,,,,,,
TOTAL CARGO  VOLUME,,,,,CONTAINER TRAFFIC,,,,,,,,,
"TONS, 000s",,,,,"TEUs  (Twenty-Foot Equivalent Units), 000s",,,,,,,,,
RANK,PORT,COUNTRY,MEASURE,TONS,RANK,PORT,COUNTRY,TEUs,,,,,,
1,Shanghai,China,Metric Tons,"646,514",1,Shanghai,China,"36,516",,,,,,
2,Singapore,Singapore,Freight Tons,"575,846",2,Singapore,Singapore,"30,922",,,,,,
3,Qingdao,China,Metric Tons,"476,216",3,Shenzhen,China,"24,142",,,,,,
4,Guangzhou,China,Metric Tons,"475,481",4,Ningbo,China,"20,636",,,,,,
5,Rotterdam,Netherlands,Metric Tons,"466,363",5,Hong Kong,China,"20,073",,,,,,
6,Port Hedland,Australia,Metric Tons,"452,940",6,Busan,South Korea,"19,469",,,,,,
7,Ningbo,China,Metric Tons,"448,828",7,Qingdao,China,"17,323",,,,,,
8,Tianjin,China,Metric Tons,"440,430",8,Guangzhou,China,"17,097",,,,,,
9,Busan,South Korea,Revenue Tons,"347,713",9,Dubai Ports,United Arab Emirates,"15,585",,,,,,
10,Dalian,China,Metric Tons,"320,658",10,Tianjin,China,"13,881",,,,,,
11,Kwangyang,South Korea,Revenue Tons,"272,007",11,Rotterdam,Netherlands,"12,235",,,,,,
12,Hong Kong,China,Metric Tons,"256,488",12,Port Kelang,Malaysia,"11,887",,,,,,
13,Qinhuangdao,China,Metric Tons,"246,550",13,Kaohsiung,Taiwan,"10,264",,,,,,
14,South Louisiana,United States,Metric Tons,"235,058",14,Antwerp,Belgium,"9,654",,,,,,
15,Port Kelang,Malaysia,Metric Tons,"219,786",15,Dalian,China,"9,591",,,,,,
16,Houston,United States,Metric Tons,"218,575",16,Xiamen,China,"9,215",,,,,,
17,Antwerp,Belgium,Metric Tons,"208,423",17,Hamburg,Germany,"8,821",,,,,,
18,Xiamen,China,Metric Tons,"200,500",18,Tanjung Pelepas,Malaysia,"8,797",,,,,,
19,Nagoya,Japan,Freight Tons,"197,947",19,Los Angeles,United States,"8,160",,,,,,
20,Shenzhen,China,Metric Tons,"191,037",20,Long Beach,United States,"7,192",,,,,,
21,Ulsan,South Korea,Revenue Tons,"170,771",21,Laem Chabang,Thailand,"6,780",,,,,,
22,Dubai Ports,United Arab Emirates,Metric Tons,"170,228",22,Saigon Port,Vietnam,"6,556",,,,,,
23,Dampier,Australia,Metric Tons,"169,926",23,New York / New Jersey,United States,"6,372",,,,,,
24,Chiba,Japan,Freight Tons,"166,964",24,Bremen/Bremerhaven,Germany,"5,547",,,,,,
25,Newcastle,Australia,Metric Tons,"163,906",25,Jeddah,Saudi Arabia,"5,417",,,,,,
26,Inchon,South Korea,Revenue Tons,"157,624",26,Tanjung Priok,Indonesia,"5,154",,,,,,
27,Itaqui,Brazil,Metric Tons,"146,647",27,Saigon New Port,Vietnam,"5,026",,,,,,
28,Metro Vancouver,Canada,Metric Tons,"138,228",28,Valencia,Spain,"4,615",,,,,,
29,Hamburg,Germany,Metric Tons,"137,824",29,Algeciras - La Linea,Spain,"4,516",,,,,,
30,Tubarao,Brazil,Metric Tons,"137,286",30,Jawaharlal Nehru,India,"4,492",,,,,,
31,Tanjung Pelepas,Malaysia,Metric Tons,"136,280",31,Khor Fakkan,United Arab Emirates,"4,414",,,,,,
32,Santos,Brazil,Metric Tons,"119,932",32,Tokyo,Japan,"4,150",,,,,,
33,Hay Point,Australia,Metric Tons,"115,768",33,Manila,Philippines,"3,976",,,,,,
34,New York/New Jersey,United States,Metric Tons,"114,933",34,Santos,Brazil,"3,780",,,,,,
35,Yokohama,Japan,Freight Tons,"114,743",35,Savannah,United States,"3,737",,,,,,
36,Kaohsiung,Taiwan,Metric Tons,"110,902",36,Felixstowe,United Kingdom,"3,676",,,,,,
37,Itaguai,Brazil,Metric Tons,"110,362",37,Northwest Seaport Alliance,United States,"3,531",,,,,,
38,Gladstone,Australia,Metric Tons,"104,629",38,Gioia Tauro,Italy,"3,512",,,,,,
39,Richards Bay,South Africa,Metric Tons,"102,400",39,Piraeus,Greece,"3,360",,,,,,
40,Kitakyushu,Japan,Freight Tons,"99,331",40,Balboa,Panama,"3,078",,,,,,
41,Amsterdam Ports,Netherlands,Metric Tons,"98,776",41,Ambarli,Turkey,"3,062",,,,,,
42,Kobe,Japan,Freight Tons,"97,002",42,Metro Vancouver,Canada,"3,054",,,,,,
43,Saigon New Port,Vietnam,Metric Tons,"93,684",43,East Port Said Port,Egypt,"3,036",,,,,,
44,Algeciras - La Linea,Spain,Metric Tons,"91,950",44,Tanger,Morocco,"2,971",,,,,,
45,Tokyo,Japan,Freight Tons,"85,333",45,Yokohama,Japan,"2,787",,,,,,
46,Marseilles,France,Metric Tons,"81,920",46,Durban,South Africa,"2,770",,,,,,
47,Osaka,Japan,Freight Tons,"79,970",47,Colon ,Panamá,"2,765",,,,,,
48,New Orleans,United States,Metric Tons,"79,661",48,Kobe,Japan,"2,707",,,,,,
49,Beaumont,United States,Metric Tons,"79,081",49,Keelung,Taiwan,"2,666",,,,,,
50,Botas,Turkey,Metric Tons,"78,093",50,Melbourne,Australia,"2,638",,,,,,
51,Corpus Christi,United States,Metric Tons,"77,724",51,Nagoya,Japan,"2,631",,,,,,
52,Paradip,India,Metric Tons,"75,768",52,Cartagena,Colombia,"2,607",,,,,,
53,Taichung,Taiwan,Metric Tons,"73,633",53,Mina Raysut,Oman,"2,569",,,,,,
54,Laem Chabang,Thailand,Metric Tons,"73,451",54,Le Havre,France,"2,556",,,,,,
55,Bremen/Bremerhaven,Germany,Metric Tons,"73,447",55,Virginia,United States,"2,549",,,,,,
56,Novorossisk,Russia,Metric Tons,"73,328",56,Manzanillo,Mexico,"2,458",,,,,,
57,Jubail,Saudi Arabia,Metric Tons,"72,397",57,Inchon,South Korea,"2,368",,,,,,
58,Saldanha Bay,South Africa,Metric Tons,"72,001",58,Southampton,United Kingdom,"2,349",,,,,,
59,Long Beach,United States,Metric Tons,"70,911",59,Sydney Ports,Australia,"2,330",,,,,,
60,Valencia,Spain,Metric Tons,"69,601",60,Kwangyang,South Korea,"2,327",,,,,,
61,Daesan,South Korea,Revenue Tons,"69,283",61,Oakland,United States,"2,278",,,,,,
62,Le Havre,France,Metric Tons,"68,289",62,Genoa,Italy,"2,243",,,,,,
63,Bandar Abbas,Iran,Metric Tons,"67,733",63,Dublin,Ireland,"2,217",,,,,,
64,Yanbu,Saudi Arabia,Metric Tons,"65,843",64,Houston,United States,"2,131",,,,,,
65,Izmit (Kocaeli),Turkey,Metric Tons,"64,628",65,Chittagong,Bangladesh,"2,025",,,,,,
66,Visakhapatnam,India,Metric Tons,"64,210",66,Charleston,United States,"1,973",,,,,,
67,Jawaharlal Nehru,India,Metric Tons,"64,030",67,Osaka,Japan,"1,970",,,,,,
68,Baton Rouge,United States,Metric Tons,"62,399",68,Barcelona,Spain,"1,965",,,,,,
69,Bombay,India,Metric Tons,"61,110",69,Karachi,Pakistan,"1,957",,,,,,
70,Primorsk,Russia,Metric Tons,"59,606",70,Dammam,Saudi Arabia,"1,954",,,,,,
71,Grimsby and Immingham,United Kingdom,Metric Tons,"59,103",71,Callao,Peru,"1,900",,,,,,
72,Manila,Philippines,Metric Tons,"57,356",72,Manzanillo,Panama,"1,821",,,,,,
73,Trieste,Italy,Metric Tons,"57,161",73,Guayaquil  ,Ecuador ,"1,765",,,,,,
74,Constantza,Romania,Metric Tons,"56,337",74,St. Petersburg,Russia,"1,715",,,,,,
75,Chittagong,Bangladesh,Metric Tons,"54,781",75,Bandar Abbas,Iran,"1,705",,,,,,
76,Los Angeles,United States,Metric Tons,"54,602",76,Colombo,Sri Lanka,"1,662",,,,,,
77,Jeddah,Saudi Arabia,Metric Tons,"54,516",77,Alexandria/El-Dekheila,Egypt,"1,662",,,,,,
78,"Mobile, AL",United States,Metric Tons,"53,157",78,Kingston,Jamaica,"1,575",,,,,,
79,Virginia,United States,Metric Tons,"52,402",79,Chennai,India,"1,571",,,,,,
80,St. Petersburg,Russia,Metric Tons,"51,513",80,Zeebrugge,Belgium,"1,569",,,,,,
81,Lake Charles,United States,Metric Tons,"51,431",81,Bangkok,Thailand,"1,559",,,,,,
82,Chennai (Madras),India,Metric Tons,"51,391",82,Taichung,Taiwan,"1,447",,,,,,
83,Pohang,South Korea,Revenue Tons,"51,363",83,Montreal,Canada,"1,446",,,,,,
84,Genoa,Italy,Metric Tons,"51,299",84,Mersin,Turkey,"1,428",,,,,,
85,Calcutta,India,Metric Tons,"50,195",85,Buenos Aires (incl. Exolgen),Argentina,"1,428",,,,,,
86,Karachi,Pakistan,Metric Tons,"50,045",86,Freeport,Bahamas,"1,400",,,,,,
87,Alexandria/El-Dekheila,Egypt,Metric Tons,"49,781",87,Sines,Portugal,"1,332",,,,,,
88,Sao Sebastiao,Brazil,Metric Tons,"49,539",88,Penang,Malaysia,"1,317",,,,,,
89,Tanjung Priok,Indonesia,Metric Tons,"48,964",89,Ashdod,Israel,"1,307",,,,,,
90,Aliaga,Turkey,Metric Tons,"48,794",90,La Spezia,Italy,"1,300",,,,,,
91,Yuzhnyy,Ukraine,Metric Tons,"48,582",91,Marseilles,France,"1,220",,,,,,
92,Plaquemines,United States,Metric Tons,"48,541",92,Haifa,Israel,"1,215",,,,,,
93,Dunkirk,France,Metric Tons,"46,592",93,Honolulu,United States,"1,213",,,,,,
94,Barcelona,Spain,Metric Tons,"45,921",94,San Juan,Puerto Rico,"1,211",,,,,,
95,London,United Kingdom,Metric Tons,"45,430",95,Belawan,Indonesia,"1,197",,,,,,
96,Bintulu,Malaysia,Metric Tons,"44,737",96,London,United Kingdom,"1,185",,,,,,
97,Bandar Khomeini,Iran,Metric Tons,"43,822",97,Brisbane,Australia,"1,152",,,,,,
98,Bergen,Norway,Metric Tons,"43,591",98,Beirut,Lebanon,"1,130",,,,,,
99,Callao,Peru,Metric Tons,"43,374",99,Guayaquil,Ecuador,"1,125",,,,,,
100,Paranagua,Brazil,Metric Tons,"43,275",100,Limon/Moin,Costa Rica,"1,106",,,,,,
"NOTE:  The cargo rankings based on tonnage should be interpreted with caution since these measures are not directly comparable and cannot be converted to a single, standardized unit. ",,,,,,,,,,,,,,
"Sources: Agência Nacional de Transportes Aquaviários - ANTAQ(Brazil),    Institute of Shipping Economics & Logistics ; U.S. Army Corps of Engineers' Waterborne Commerce Statistics Center, Secretariat of Communications and Transport (Mexico), Waterborne Transport Institute (China);  AAPA Surveys; various port internet sites.",,,,,,,,,,,,,,
,,,,,,,,,,,,,,
,,,,,,,,,,,,,,
,,,,,,,,,,,,,,
,,,,,,,,,,,,,,
,,,,,,,,,,,,,,
,,,,,,,,,,,,,,
,,,,,,,,,,,,,,
,,,,,,,,,,,,,,
,,,,,,,,,,,,,,
,,,,,,,,,,,,,,
,,,,,,,,,,,,,,
,,,,,,,,,,,,,,
,,,,,,,,,,,,,,
,,,,,,,,,,,,,,
,,,,,,,,,,,,,,
,,,,,,,,,,,,,,
,,,,,,,,,,,,,,
,,,,,,,,,,,,,,
,,,,,,,,,,,,,,
,,,,,,,,,,,,,,
,,,,,,,,,,,,,,
,,,,,,,,,,,,,,
,,,,,,,,,,,,,,
,,,,,,,,,,,,,,
,,,,,,,,,,,,,,
,,,,,,,,,,,,,,
,,,,,,,,,,,,,,
,,,,,,,,,,,,,,
,,,,,,,,,,,,,,
,,,,,,,,,,,,,,
,,,,,,,,,,,,,,
,,,,,,,,,,,,,,
,,,,,,,,,,,,,,
,,,,,,,,,,,,,,
,,,,,,,,,,,,,,
,,,,,,,,,,,,,,
,,,,,,,,,,,,,,
,,,,,,,,,,,,,,
,,,,,,,,,,,,,,
,,,,,,,,,,,,,,
,,,,,,,,,,,,,,
,,,,,,,,,,,,,,
,,,,,,,,,,,,,,
,,,,,,,,,,,,,,
,,,,,,,,,,,,,,
,,,,,,,,,,,,,,
,,,,,,,,,,,,,,
,,,,,,,,,,,,,,
,,,,,,,,,,,,,,
,,,,,,,,,,,,,,
,,,,,,,,,,,,,,
,,,,,,,,,,,,,,
,,,,,,,,,,,,,,
,,,,,,,,,,,,,,
,,,,,,,,,,,,,,
,,,,,,,,,,,,,,
,,,,,,,,,,,,,,
,,,,,,,,,,,,,,
,,,,,,,,,,,,,,
,,,,,,,,,,,,,,
,,,,,,,,,,,,,,
,,,,,,,,,,,,,,
,,,,,,,,,,,,,,
,,,,,,,,,,,,,,
,,,,,,,,,,,,,,
,,,,,,,,,,,,,,
,,,,,,,,,,,,,,
,,,,,,,,,,,,,,
,,,,,,,,,,,,,,
,,,,,,,,,,,,,,
,,,,,,,,,,,,,,
,,,,,,,,,,,,,,
,,,,,,,,,,,,,,
,,,,,,,,,,,,,,
,,,,,,,,,,,,,,
,,,,,,,,,,,,,,
,,,,,,,,,,,,,,
,,,,,,,,,,,,,,
,,,,,,,,,,,,,,
,,,,,,,,,,,,,,
,,,,,,,,,,,,,,
,,,,,,,,,,,,,,
,,,,,,,,,,,,,,
,,,,,,,,,,,,,,
,,,,,,,,,,,,,,
,,,,,,,,,,,,,,
,,,,,,,,,,,,,,
,,,,,,,,,,,,,,
,,,,,,,,,,,,,,
,,,,,,,,,,,,,,
,,,,,,,,,,,,,,
,,,,,,,,,,,,,,
,,,,,,,,,,,,,,
,,,,,,,,,,,,,,
,,,,,,,,,,,,,,
,,,,,,,,,,,,,,
,,,,,,,,,,,,,,
,,,,,,,,,,,,,,
,,,,,,,,,,,,,,
,,,,,,,,,,,,,,
,,,,,,,,,,,,,,
,,,,,,,,,,,,,,
,,,,,,,,,,,,,,
,,,,,,,,,,,,,,
,,,,,,,,,,,,,,
,,,,,,,,,,,,,,
,,,,,,,,,,,,,,
,,,,,,,,,,,,,,
,,,,,,,,,,,,,,
,,,,,,,,,,,,,,
,,,,,,,,,,,,,,
,,,,,,,,,,,,,,
,,,,,,,,,,,,,,
,,,,,,,,,,,,,,
,,,,,,,,,,,,,,
,,,,,,,,,,,,,,
,,,,,,,,,,,,,,
,,,,,,,,,,,,,,
,,,,,,,,,,,,,,
,,,,,,,,,,,,,,
,,,,,,,,,,,,,,
,,,,,,,,,,,,,,
,,,,,,,,,,,,,,
,,,,,,,,,,,,,,
,,,,,,,,,,,,,,
,,,,,,,,,,,,,,
,,,,,,,,,,,,,,
,,,,,,,,,,,,,,
,,,,,,,,,,,,,,
,,,,,,,,,,,,,,
,,,,,,,,,,,,,,
,,,,,,,,,,,,,,
,,,,,,,,,,,,,,
,,,,,,,,,,,,,,
,,,,,,,,,,,,,,
,,,,,,,,,,,,,,
,,,,,,,,,,,,,,
,,,,,,,,,,,,,,
,,,,,,,,,,,,,,
,,,,,,,,,,,,,,
,,,,,,,,,,,,,,
,,,,,,,,,,,,,,
,,,,,,,,,,,,,,
,,,,,,,,,,,,,,
,,,,,,,,,,,,,,
,,,,,,,,,,,,,,
,,,,,,,,,,,,,,
,,,,,,,,,,,,,,
,,,,,,,,,,,,,,
,,,,,,,,,,,,,,
,,,,,,,,,,,,,,
,,,,,,,,,,,,,,
,,,,,,,,,,,,,,
,,,,,,,,,,,,,,
,,,,,,,,,,,,,,
,,,,,,,,,,,,,,
,,,,,,,,,,,,,,
,,,,,,,,,,,,,,
,,,,,,,,,,,,,,
,,,,,,,,,,,,,,
,,,,,,,,,,,,,,
,,,,,,,,,,,,,,
,,,,,,,,,,,,,,
,,,,,,,,,,,,,,
,,,,,,,,,,,,,,
,,,,,,,,,,,,,,
,,,,,,,,,,,,,,
,,,,,,,,,,,,,,
,,,,,,,,,,,,,,
,,,,,,,,,,,,,,
,,,,,,,,,,,,,,
,,,,,,,,,,,,,,
,,,,,,,,,,,,,,
,,,,,,,,,,,,,,
,,,,,,,,,,,,,,
,,,,,,,,,,,,,,
,,,,,,,,,,,,,,
,,,,,,,,,,,,,,
,,,,,,,,,,,,,,
,,,,,,,,,,,,,,
,,,,,,,,,,,,,,
,,,,,,,,,,,,,,
,,,,,,,,,,,,,,
,,,,,,,,,,,,,,
,,,,,,,,,,,,,,
,,,,,,,,,,,,,,
,,,,,,,,,,,,,,
,,,,,,,,,,,,,,
,,,,,,,,,,,,,,
,,,,,,,,,,,,,,
,,,,,,,,,,,,,,
,,,,,,,,,,,,,,
,,,,,,,,,,,,,,
,,,,,,,,,,,,,,
,,,,,,,,,,,,,,
,,,,,,,,,,,,,,
,,,,,,,,,,,,,,
,,,,,,,,,,,,,,
,,,,,,,,,,,,,,
,,,,,,,,,,,,,,
,,,,,,,,,,,,,,
,,,,,,,,,,,,,,
,,,,,,,,,,,,,,
,,,,,,,,,,,,,,
,,,,,,,,,,,,,,
,,,,,,,,,,,,,,
,,,,,,,,,,,,,,
,,,,,,,,,,,,,,
,,,,,,,,,,,,,,
,,,,,,,,,,,,,,
,,,,,,,,,,,,,,
,,,,,,,,,,,,,,
,,,,,,,,,,,,,,
,,,,,,,,,,,,,,
,,,,,,,,,,,,,,
,,,,,,,,,,,,,,
,,,,,,,,,,,,,,
,,,,,,,,,,,,,,
,,,,,,,,,,,,,,
,,,,,,,,,,,,,,
,,,,,,,,,,,,,,
,,,,,,,,,,,,,,
,,,,,,,,,,,,,,
,,,,,,,,,,,,,,
,,,,,,,,,,,,,,
,,,,,,,,,,,,,,
,,,,,,,,,,,,,,
,,,,,,,,,,,,,,
,,,,,,,,,,,,,,
,,,,,,,,,,,,,,
,,,,,,,,,,,,,,
,,,,,,,,,,,,,,
,,,,,,,,,,,,,,
,,,,,,,,,,,,,,
,,,,,,,,,,,,,,
,,,,,,,,,,,,,,
,,,,,,,,,,,,,,
,,,,,,,,,,,,,,
,,,,,,,,,,,,,,
,,,,,,,,,,,,,,
,,,,,,,,,,,,,,
,,,,,,,,,,,,,,
,,,,,,,,,,,,,,
,,,,,,,,,,,,,,
,,,,,,,,,,,,,,
,,,,,,,,,,,,,,
,,,,,,,,,,,,,,
,,,,,,,,,,,,,,
,,,,,,,,,,,,,,
,,,,,,,,,,,,,,
,,,,,,,,"954,554",,,,,,
101,Yanbu,Saudi Arabia,"37,492",metric tons,101,Limon/Moin,Costa Rica,"942,863",,,,,,
102,Banjarmasin,Indonesia,"37,334",metric tons,102,Valparaiso,Chile,"928,905",,,,,,
103,Brisbane,Australia,"37,163",metric tons,103,Gdansk,Poland,"923,612",,,,,,
104,Angra dos Reis,Brazil,"37,146",metric tons,104,Jacksonville  (FY),United States,"923,600",,,,,,
105,New Mangalore,India,"37,024",metric tons,105,Port Everglades (FY),United States,"920,442",,,,,,
106,Tanjung Priok,Indonesia,"36,421",metric tons,106,Port Said (West),Egypt,"920,137",,,,,,
107,Riga,Estonia,"36,051",metric tons,107,London,United Kingdom,,,Caucedo,,,,
108,Karachi,India,"35,981",metric tons,108,Valparaiso,Chile,"909,197",,,,,,
109,Ambarli,Turkey,"35,642",metric tons,109,Miami (FY),United States,"906,979",,,,,,
110,Melbourne,Australia,"35,303",metric tons,110,Hakata,Japan,"903,443",,,,,,
111,Klaipeda,Lithuania,"35,243",metric tons,111,Mombasa,Kenia,"899,628",,,,,,
112,Taranto,Italy,"35,209",metric tons,112,Gothenburg,Sweden,"867,957",,,,,,
113,Mina Sulman,Bahrein,"34,150",metric tons,113,Izmir,Turkey,"856,511",,,,,,
114,Calais,France,"34,136",metric tons,114,Apapa,Nigeria,"853,399",,,,,,
115,Flushing,Netherlands,"33,993",metric tons,115,Cape Town,South Africa,"853,388",,,,,,
116,Tees and Hartlepool,United Kingdom,"33,967",metric tons,116,Belawan,Indonesia,"850,679",,,,,,
117,Aratu,Brazil,"33,692",metric tons,117,Caucedo,Dominican Republc,"850,042",,,,,,
118,Cartagena,Columbia,"33,410",metric tons,118,Cristobal,Panama,"848,384",,,,,,
119,Lazaro Cardenas,Mexico,"33,212",metric tons,119,Port of Tauranga,New Zealand,"845,917",,,,,,
120,Quebec,Canada,"33,100",metric tons,120,Puerto Cabello,Venezuela,"839,729",,,,,,
121,San Lorenz-San Martin,Argentina,"32,929",metric tons,121,Casablanca,Morocco,"822,867",,,,,,
122,Liverpool/Mersey-side,United Kingdom,"32,925",metric tons,122,Damietta,Egypt,"822,131",,,,,,
123,Hakata,Japan,"32,354",metric tons,123,Tema,Ghana,"818,819",,,,,,
124,Fremantle Ports,Australia,"31,981",metric tons,124,Auckland,New Zealand,"817,434",,,,,,
125,Pittsburgh,United States,"31,892",metric tons,125,Aqaba,Jordan,"806,047",,,,,,
126,"St. Louis,",United States,"31,739",metric tons,126,Veracruz,Mexico,"801,058",,,,,,
127,Duluth-Superior,United States,"31,455",metric tons,127,Johor,India,"791,463",,,,,,
128,Savannah,United States,"30,965",metric tons,128,Djibouti,Djibouti,"769,431",,,,,,
129,Pascagoula,United States,"30,650",metric tons,129,Shuwaikh,Kuwait,"753,889",,,,,,
130,Nantes St. Nazaire,France,"29,866",metric tons,130,Montevideo,Uruguay,"743,830",,,,,,
131,Sydney Ports,Australia,"29,618",metric tons,131,Paranagua,Brazil,"742,258",,,,,,
132,Bandar Khomeini,Iran,"29,408",metric tons,132,San Antonio,Chile,"722,000",,,,,,
133,Penang,Malaysia,"29,329",metric tons,133,Bin Qasim,Pakistan,"678,398",,,,,,
134,Tallinn,Estonia,"29,150",metric tons,134,Tin Can Island,Nigeria,"678,262",,,,,,
135,Ventspils,Latvia,"29,118",metric tons,135,Baltimore,United States,"676,349",,,,,,
136,Weipa,Australia,"29,042",metric tons,136,Gdynia,Poland,"675,403",,,,,,
137,Bilbao,Spain,"28,953",metric tons,137,Constantza,Romania,"670,282",,,,,,
138,Port Kembla,Australia,"28,882",metric tons,138,Fremantle Ports,Australia,"654,845",,,,,,
139,Tampa,United States,"28,713",metric tons,139,Luanda,Angola,"633,917",,,,,,
140,Montreal,Canada,"28,422",metric tons,140,Abidjan,Ivory Coast,"632,601",,,,,,
141,Dublin,Ireland,"27,990",metric tons,141,Leixoes,Portugal,"632,263",,,,,,
142,Sept-Iles,Canada,"27,895",metric tons,142,Liverpool/Mersey-side,United Kingdom,"631,042",,,,,,
143,Port Arthur,United States,"27,777",metric tons,143,Hamina/Kotka,Finland,"625,914",,,,,,
144,Saint John,Canada,"27,750",metric tons,144,Piraeus,Greece,"611,133",,,,,,
145,Livorno,Italy,"27,418",metric tons,145,Rio Grande,Brazil,"610,132",,,,,,
146,Damietta,Egypt,"27,414",metric tons,146,Bilbao,Spain,"600,426",,,,,,
147,Gioia Tauro,Italy,"27,399",metric tons,147,Calcutta,India,"585,280",,,,,,
148,Dammam,Saudi Arabia,"27,364",metric tons,148,Talcahuano/San Vicente,Chile,"578,685",,,,,,
149,"Manzanillo, MX",Mexico,"27,170",metric tons,149,Altamira,Mexico,"573,324",,,,,,
150,Gdansk,Poland,"26,903",metric tons,150,Puerto Cortes,Honduras,"570,136",,,,,,
151,Icel (Mersin),Turkey,"26,620",metric tons,,Cebu,Philippines,"568,938",,,,,,
152,Tuticorin,India,"26,405",metric tons,,Ngqura,South Africa," 	564,857 ",,,,,,
153,East Port Said Port,Egypt,"26,304",metric tons,,Prince Rupert,Canada,"556,394",,,,,,
154,Ghent,Belgium,"26,302",metric tons,,Koper,Croatia,"549,047",,,,,,
155,Cebu,Philippines,"26,270",metric tons,,Livorno,Italy,"546,818",,,,,,
156,Felixstowe,United Kingdom,"26,269",metric tons,,Naples,Italy,"542,710",,,,,,
157,Wilhelmshaven,Germany,"26,241",metric tons,,La Guaira,Venezuela,"539,143",,,,,,
158,Lubeck,Germany,"26,155",metric tons,,Buenaventura,Colombia,"525,309",,,,,,
159,Johor,India,"25,909",metric tons,,Mina Sulman,Bahrein,"509,037",,,,,,
160,Philadelphia,United States,"25,891",metric tons,,Pointe Noire,Congo,"508,021",,,,,,
161,Apapa,Nigeria,"25,376",metric tons,,Shimizu,Japan,"506,107",,,,,,
162,Venice,Italy,"25,376",metric tons,,Kitakyushu,Japan,"502,626",,,,,,
163,Bin Qasim,Pakistan,"25,362",metric tons,,Dar es Salaam,Tanzania,"500,288",,,,,,
164,Forth Ports,United Kingdom,"25,332",metric tons,,Davao,Philippines,"485,761",,,,,,
165,Valdez,United States,"25,311",metric tons,,Lisbon,Portugal,"479,000",,,,,,
166,Rio Grande,Brazil,"24,953",metric tons,,Tuticorin,India,"468,736",,,,,,
167,Callao,Peru,"24,758",metric tons,,Santo Tomas de Castilla,Honduras,"464,834",,,,,,
168,Casablanca,Morocco,"24,514",metric tons,,New Orleans,United States,"462,933",,,,,,
169,Odessa,Ukraine,"24,501",metric tons,,Odessa,Ukraine,"456,146",,,,,,
170,Sao Francisco do Sul,Brazil,"24,340",metric tons,,Vladivostok,Russia,"454,777",,,,,,
171,Rio de Janeiro,Brazil,"24,297",metric tons,,Anchorage,United States,"438,600",,,,,,
172,"Cartagena, ES",Spain,"24,229",metric tons,,Novorossisk,Russia,"437,205",,,,,,
173,Yuzhnyy,Ukraine,"24,155",metric tons,,Rio de Janeiro,Brazil,"430,000",,,,,,
174,Balboa,Panama,"24,130",metric tons,,Qinhuangdao,China,"429,893",,,,,,
175,Haifa,Israel,"23,988",metric tons,,Venice,Italy,"419,335",,,,,,
176,Skikda,Algeria,"23,865",metric tons,,Banjarmasin,Indonesia,"417,467",,,,,,
177,Skoldvik,Finland,"23,206",metric tons,,Port Louis,Mauritius,"416,572",,,,,,
178,"Portland, Oregon",United States,"23,178",metric tons,,Halifax,Canada,"404,682",,,,,,
179,Rostock,Germany,"22,803",metric tons,,Helsinki,Finland,"404,288",,,,,,
180,Tacoma,United States,"22,606",metric tons,,Aarhus,Denmark,"401,803",,,,,,
181,Las Palmas,Spain,"22,388",metric tons,,Dakar,Senegal,"398,228",,,,,,
182,Prince Rupert,Canada,"22,290",metric tons,,El Sokhna,Egypt,"394,083",,,,,,
183,Keelung,Taiwan,"22,187",metric tons,,Rades,Tunesia,"391,657",,,,,,
184,Pointe Noire,Congo,"21,956",metric tons,,Port Sudan,Sudan,"386,283",,,,,,
185,Mombasa,Kenia,"21,920",metric tons,,Sao Francisco do Sul,Brazil,"381,278",,,,,,
186,Abidjan,Ivory Coast,"21,714",metric tons,,Klaipeda,Lithuania,"373,235",,,,,,
187,Seattle,United States,"21,544",metric tons,,Ulsan,South Korea,"368,025",,,,,,
188,Ravenna,Italy,"21,460",metric tons,,Istanbul (Haydarpasa),Turkey,"368,000",,,,,,
189,Rouen,France,"21,159",metric tons,,Ilichevsk,Ukraine,"362,297",,,,,,
190,Tanger,Morocco,"21,156",metric tons,,Riga,Estonia,"351,217",,,,,,
191,Veracruz,Mexico,"21,007",metric tons,,Lyttelton,Australia,"351,099",,,,,,
192,"Richmond, CA",United States,"20,463",metric tons,,Douala,Cameroon,"338,405",,,,,,
193,Shuaiba,Kuwait,"20,133",metric tons,,Trieste,Italy,"336,787",,,,,,
194,Naples,Italy,"20,038",metric tons,,Cotonou,Benin,"332,195",,,,,,
195,Bejaia,Algeria,"19,926",metric tons,,Sepetiba,Brazil,"326,452",,,,,,
196,Cochin,India,"19,845",metric tons,,Cochin,India,"322,158",,,,,,
197,Nadhodka,Russia,"19,765",metric tons,,Santa Cruz de Tenerife,Spain,"317,751",,,,,,
198,Ashdod,Israel,"19,614",metric tons,,Thessaloniki,Greece,"307,731",,,,,,
199,Bangkok,Thailand,"19,557",metric tons,,Limassol,Cyprus,"299,180",,,,,,
200,Narvik,Norway,"19,415",metric tons,,Wilmington(DE),United States,"288,481",,,,,,
201,Aqaba,Jordan,"19,355",metric tons,,Lome,Togo,"273,190",,,,,,
202,Port Everglades,United States,"19,146",metric tons,,Philadelphia,United States,"270,792",,,,,,
203,Port of Tauranga,New Zealand,"19,065",metric tons,,Wilmington(NC),United States,"270,408",,,,,,
204,Szczecin - Swinoujscie,Poland,"18,870",metric tons,,Tubarao,Brazil,"263,461",,,,,,
205,Jorf Lasfar,Morocco,"18,642",metric tons,,Taranto,Italy,"262,624",,,,,,
206,Talcahuano/San Vicente,Chile,"18,634",metric tons,,Aden,Yemen,"260,416",,,,,,
207,Hai Phong,Viet Nam,"18,100",metric tons,,Adelaide,Australia,"260,283",,,,,,
208,Cam Pha,Viet Nam,"18,000",metric tons,,Dunkirk,France,"255,378",,,,,,
209,Vostochny Port,Russia,"17,785",metric tons,,Sihanoukville,Cambodia,"254,743",,,,,,
210,Abbot Point,Australia,"17,745",metric tons,,Tees and Hartlepool,United Kingdom,"253,833",,,,,,
211,Mormugao,India,"17,690",metric tons,,Burnie,Australia,"251,855",,,,,,
212,Charleston,United States,"17,332",metric tons,,Port Elizabeth,South Africa,"245,329",,,,,,
213,Oakland,United States,"16,990",metric tons,,Iquique,Chile,"244,718",,,,,,
214,Koper,Croatia,"16,906",metric tons,,Jubail,Saudi Arabia,"242,043",,,,,,
215,San Antonio,Chile,"16,677",metric tons,,Forth Ports,United Kingdom,"240,580",,,,,,
216,Leixoes,Portugal,"16,614",metric tons,,Cam Pha,Viet Nam,"238,953",,,,,,
217,Tuapse,Russia,"16,415",metric tons,,Rauma,Finland,"234,929",,,,,,
218,Mariupol,Ukraine,"16,254",metric tons,,Walvis Bay,Namibia,"231,826",,,,,,
219,Bahia Blanca,Argentina,"15,875",metric tons,,Kuching,Malasyia,"228,738",,,,,,
220,Altamira,Mexico,"15,864",metric tons,,Bejaia,Algeria,"228,438",,,,,,
221,Porto Alegre,Brazil,"15,849",metric tons,,Palm Beach (FY),United States,"227,809",,,,,,
222,Paulsboro,United States,"15,760",metric tons,,Tallinn,Estonia,"221,500",,,,,,
223,Murmansk,Russia,"15,691",metric tons,,Port Réunion,Réunion,"218,844",,,,,,
224,Belawan,Indonesia,"15,653",metric tons,,Mobile,United States,"211,871",,,,,,
225,Shimizu,Japan,"15,563",metric tons,,Pointe-à-Pitre,Guadaloupe,"211,756",,,,,,
226,Wellington,New Zealand,"15,544",freight tons,,Belfast,United Kingdom,"211,171",,,,,,
227,Chicago,United States,"15,504",metric tons,,Grimsby and Immingham,United Kingdom,"208,591",,,,,,
228,La Spezia,India,"15,438",metric tons,,Salerno,Italy,"208,152",,,,,,
229,Tin Can Island,Nigeria,"15,371",metric tons,,Ravenna,Italy,"205,762",,,,,,
230,Bunbury,Australia,"15,332",metric tons,,Reykjavik,Iceland,"204,065",,,,,,
231,Piraeus,Greece,"15,283",metric tons,,Napier,New Zealand,"202,790",,,,,,
232,Gdynia,Poland,"15,238",metric tons,,Oslo,Norway,"202,315",,,,,,
233,Belfast,United Kingdom,"15,186",metric tons,,Gulfport,United States,"187,747",,,,,,
234,Bourgas,Bulgaria,"14,869",metric tons,,Boston,United States,"184,839",,,,,,
235,Boston,United States,"14,801",metric tons,,Nantes St. Nazaire,France,"183,203",,,,,,
236,Two Harbors,United States,"14,706",metric tons,,Portland(OR),United States,"182,881",,,,,,
237,Hamina/Kotka,Finland,"14,523",metric tons,,Cagayan de Oro,Philippines,"182,039",,,,,,
238,Thessaloniki,Greece,"14,515",metric tons,,Arica,Chile,"177,043",,,,,,
239,Ilichevsk,Ukraine,"14,514",metric tons,,Helsingborg,Sweden,"175,000",,,,,,
240,Jacksonville,United States,"13,985",metric tons,,Otago,New Zealand,"173,106",,,,,,
241,Manzanillo,Panama,"13,983",metric tons,,Lae,Papua New Guinea,"173,089",,,,,,
242,Santa Cruz de Tenerife,Spain,"13,683",metric tons,,,United States,"171,255",,,,,,
243,Kingston,Jamaica,"13,324",metric tons,,Mobile,US,"170,222",,,,,,
244,Savona,Italy,"13,311",metric tons,,Beira,Mozambique,"166,009",,,,,,
245,Honolulu,United States,"12,992",metric tons,,Cork,Ireland,"160,981",,,,,,
,,,,,,Acajutla,El Salvador,"160,934",,,,,,
,,,,,,Castellon,Spain,"158,274",,,,,,
,,,,,,Alicante,Spain,"156,910",,,,,,
,,,,,,Paita,Peru,"154,609",,,,,,
,,,,,,Barranquilla,Colombia,"154,374",,,,,,
,,,,,,Tarragona,Spain,"151,491",,,,,,
,,,,,,Lubeck,Germany,"142,213",,,,,,
,,,,,,Ancona,Italy,"140,867",,,,,,
,,,,,,Conakry,Guinea,"140,825",,,,,,
,,,,,,Bandar Khomeini,Iran,"140,468",,,,,,
,,,,,,Ensenada,Mexico,"131,022",,,,,,
,,,,,,Annaba,Algeria,"128,390",,,,,,
,,,,,,Varna,Bulgaria,"127,528",,,,,,
,,,,,,Rouen,France,"124,124",,,,,,
,,,,,,Shuaiba,Kuwait,"123,549",,,,,,
,,,,,,Rijeka,Croatia,"117,190",,,,,,
,,,,,,Gavle,Sweden,"110,655",,,,,,
,,,,,,Skikda,Algeria,"107,588",,,,,,
,,,,,,Wellington,New Zealand,"102,156",,,,,,
,,,,,,San Diego,US,"102,156",,,,,,
,,,,,,San Diego,United States,"101,216",,,,,,
,,,,,,Iloilo,Philippines,"96,215",,,,,,
,,,,,,Bahia de Cadiz,Spain,"95,854",,,,,,
,,,,,,Noumea Ports,France,"92,557",,,,,,
,,,,,,Willemstad,Netherlands Antilles,"92,007",,,,,,
,,,,,,Hueneme,United States,"90,232",,,,,,
,,,,,,Antofagasta,Chile,"88,159",,,,,,
,,,,,,Ghent,Belgium,"87,910",,,,,,
,,,,,,Funchal/Madeira,Portugal,"87,114",,,,,,
,,,,,,Kahului (FY),United States,"79,608",,,,,,
,,,,,,Kawaihae (FY),United States,"75,282",,,,,,
,,,,,,Savona,Italy,"72,894",,,,,,
,,,,,,Cuxhaven,Germany,"72,272",,,,,,
,,,,,,Freeport,United States,"70,775",,,,,,
,,,,,,Fredericia (og Shell-Havnen),Denmark,"68,933",,,,,,
,,,,,,Amsterdam Ports,Netherlands,"66,588",,,,,,
,,,,,,"Cartagena, ES",Spain,"65,004",,,,,,
,,,,,,Monrovia,Liberia,"64,229",,,,,,
,,,,,,Progreso Yucatan,Mexico,"64,229",,,,,,
,,,,,,Progreso,Mexico,"63,285",,,,,,
,,,,,,Bordeaux,France,"60,746",,,,,,
,,,,,,Takoradi,Ghana,"57,673",,,,,,
,,,,,,Bombay,India,"52,179",,,,,,
,,,,,,Szczecin - Swinoujscie,Poland,"52,073",,,,,,
,,,,,,East London,South Africa,"51,008",,,,,,
,,,,,,Saint John,Canada,"50,672",,,,,,
,,,,,,Saint John N.B.,Canada,"50,297",,,,,,
,,,,,,Tyne,UK,"49,350",,,,,,
,,,,,,Setubal,Portugal,"46,007",,,,,,
,,,,,,Bourgas,Bulgaria,"45,911",,,,,,
,,,,,,Hanko,Finland,"45,009",,,,,,
,,,,,,New Mangalore,India,"41,742",,,,,,
,,,,,,Oulu,Finland,"41,456",,,,,,
,,,,,,Panama City,United States,"41,425",,,,,,
,,,,,,Nawiliwili (FY),United States,"40,945",,,,,,
,,,,,,Norrkoping,Sweden,"39,882",,,,,,
,,,,,,Tampa ,United States,"39,744",,,,,,
,,,,,,Tampa,US,"39,263",,,,,,
,,,,,,Mazatlan,Mexico,"37,608",,,,,,
,,,,,,Aberdeen,UK,"35,834",,,,,,
,,,,,,Stockholm,Sweden,"34,727",,,,,,
,,,,,,Almirante,Panama,"34,505",,,,,,
,,,,,,Hilo (FY),United States,"33,600",,,,,,
,,,,,,Melilla,Spain,"32,211",,,,,,
,,,,,,Punta Arenas,Chile,"31,220",,,,,,
,,,,,,Malmo,Sweden,"30,549",,,,,,
,,,,,,Kiel,Germany,"30,201",,,,,,
,,,,,,Richards Bay,South Africa,"29,838",,,,,,
,,,,,,Bergen,Norway,"27,340",,,,,,
,,,,,,Bahia Blanca,Argentina,"27,126",,,,,,
,,,,,,Pori,Finland,"26,443",,,,,,
,,,,,,Yanbu,Saudi Arabia,"25,778",,,,,,
,,,,,,Sundsvall,Sweden,"23,888",,,,,,
,,,,,,Wilhelmshaven,Germany,"21,380",,,,,,
,,,,,,Richmond,US,"16,120",,,,,,
,,,,,,Ceuta,Spain,"15,803",,,,,,
,,,,,,Everett,United States,"14,163",,,,,,
,,,,,,Oxelosund,Sweden,"14,018",,,,,,
,,,,,,Fernandina,United States,"13,144",,,,,,
,,,,,,Mormugao,India,"13,000",,,,,,
,,,,,,Paradip,India,"12,262",,,,,,
,,,,,,Manatee,United States,"11,970",,,,,,
,,,,,,Kemi,Finland,"10,068",,,,,,
,,,,,,Turku,Finland,"8,498",,,,,,
,,,,,,Itaqui,Brazil," 	6,476 ",,,,,,
,,,,,,Puerto Morelos,Mexico,"6,156",,,,,,
,,,,,,Fort Pierce (fy),United States,"6,132",,,,,,
,,,,,,Beaumont,United States,"5,722",,,,,,
,,,,,,Kalaeloa Barbers Point (fy),United States,"5,291",,,,,,
,,,,,,Raahe,Finland,"4,760",,,,,,
,,,,,,Corunna (A Coruna),Spain,"4,412",,,,,,
,,,,,,Guaymas,Mexico,"4,120",,,,,,
,,,,,,Liepaja,Latvia,"4,063",,,,,,
,,,,,,Chimbote,Peru,"3,026",,,,,,
,,,,,,Puerto Chiapas,Mexico,"2,811",,,,,,
,,,,,,Lake Charles,US,"2,540",,,,,,
,,,,,,Eastport (ME),United States,"2,000",,,,,,
,,,,,,Ipswich,UK,"1,593",,,,,,
,,,,,,Lake Charles,United States,"1,457",,,,,,
,,,,,,Kaunakakai (FY),United States,"1,283",,,,,,
,,,,,,Launceston,Australia,"1,136",,,,,,
,,,,,,Santander,Spain,970,,,,,,
,,,,,,Kaumalapau (HI) (fy),United States,787,,,,,,
,,,,,,Rostock,Germany,747,,,,,,
,,,,,,Sao Sebastiao,Brazil,447,,,,,,
,,,,,,Tampico,Mexico,447,,,,,,
,,,,,,Tampico,Mexico,388,,,,,,
,,,,,,Baton Rouge,US,382,,,,,,
,,,,,,Ventspils,Latvia,329,,,,,,
,,,,,,Portland(ME),United States,327,,,,,,
,,,,,,Vancouver(WA),United States,294,,,,,,
,,,,,,Cherbourg,France,234,,,,,,
,,,,,,Canaveral,United States,48,,,,,,
,,,,,,Salina Cruz,Mexico, 	43 ,,,,,,
,,,,,,Dos Bocas,Mexico,,,,,,,